height,comm,time
8,1627619328,957.99076876
9,1824014336,988.20301839
10,2026520576,1021.57736553
11,2222080000,1054.27227486
12,2429730816,1089.7477345
